City,Cloudiness,Country,Date,Humidity,Lat,Lng,Max Temp,Wind Speed
Ushuaia,20,AR,1570079116,97,-54.81,-68.31,41.0,26.4
Provideniya,75,RU,1570079116,86,64.42,-173.23,37.4,15.66
Chuy,80,UY,1570078949,78,-33.69,-53.46,56.29,11.86
Bluff,0,AU,1570079117,23,-23.58,149.07,82.89,15.48
Joshimath,0,IN,1570079117,52,30.57,79.57,61.56,6.49
Mana,30,NG,1570079117,83,13.03,5.27,76.72,7.11
Rikitea,66,PF,1570078788,76,-23.12,-134.97,66.69,14.74
Vaini,20,IN,1570078776,78,15.34,74.49,78.8,6.93
Nizwa,0,OM,1570079118,45,22.93,57.53,83.61,5.95
Busselton,87,AU,1570078929,33,-33.64,115.35,78.01,10.29
Ibra,0,OM,1570079118,43,22.69,58.55,86.72,6.26
Avarua,48,CK,1570079119,64,-21.21,-159.78,75.2,6.93
Vyazemskiy,100,RU,1570079119,84,47.53,134.76,44.57,12.08
Tazovskiy,98,RU,1570079120,89,67.47,78.7,45.54,12.57
Lebu,75,ET,1570079120,77,8.96,38.73,59.0,5.82
Mahebourg,75,MU,1570078994,94,-20.41,57.7,77.0,6.93
Butaritari,84,KI,1570078896,59,3.07,172.79,85.23,3.31
Khatanga,0,RU,1570079121,58,71.98,102.47,27.0,9.06
Arraial do Cabo,0,BR,1570079121,86,-22.97,-42.02,68.09,18.45
Hermanus,21,ZA,1570079121,77,-34.42,19.24,55.99,10.4
Fortuna,90,US,1570079121,87,40.6,-124.16,53.01,3.36
Mataura,45,NZ,1570079122,91,-46.19,168.86,48.0,7.0
Srednekolymsk,100,RU,1570079124,94,67.46,153.71,28.3,19.82
Puerto Ayora,69,EC,1570079124,94,-0.74,-90.35,66.99,3.0
Bredasdorp,44,ZA,1570079124,87,-34.53,20.04,52.0,5.82
Cherskiy,50,RU,1570079124,82,68.75,161.3,25.51,14.83
Cape Town,20,ZA,1570078992,93,-33.93,18.42,61.0,2.24
Atuona,12,PF,1570079129,76,-9.8,-139.03,79.63,10.69
Georgetown,0,GY,1570079130,94,6.8,-58.16,77.0,2.64
Hasaki,75,JP,1570079010,61,35.73,140.83,88.0,11.41
Tienen,79,BE,1570079131,87,50.81,4.94,50.0,8.05
Sao Joao da Barra,13,BR,1570078974,97,-21.64,-41.05,64.24,0.63
Kodiak,90,US,1570079133,93,39.95,-94.76,57.2,11.41
Kapaa,40,US,1570078835,74,22.08,-159.32,84.2,19.46
Barrow,0,AR,1570079134,84,-38.31,-60.23,34.09,6.51
Bethel,75,US,1570079120,87,60.79,-161.76,46.4,5.82
Albany,90,US,1570079135,57,42.65,-73.75,51.01,9.17
Rabo de Peixe,40,PT,1570079135,77,37.8,-25.58,71.01,8.05
Nishihara,75,JP,1570079136,48,35.74,139.53,87.01,16.11
Port Lincoln,31,AU,1570079136,84,-34.72,135.86,57.56,13.35
Surt,0,LY,1570079137,63,31.21,16.59,78.1,13.76
Tokur,50,RU,1570079137,37,53.13,132.9,40.75,7.63
Tilichiki,57,RU,1570079138,85,60.47,166.1,29.68,8.08
Kruisfontein,100,ZA,1570079138,80,-34.0,24.73,60.68,19.91
Katete,8,UG,1570079140,79,-0.78,29.75,69.59,1.45
Jamestown,8,AU,1570079143,16,-33.21,138.6,84.65,8.39
Mar del Plata,0,AR,1570079143,54,-46.43,-67.52,43.24,10.36
Punta Arenas,0,CL,1570079144,76,-53.16,-70.91,41.0,19.46
Amapa,20,HN,1570079145,94,15.09,-87.97,78.8,2.24
Hobart,0,AU,1570079145,20,-42.88,147.33,84.0,13.87
Grand Forks,90,US,1570079149,100,47.91,-97.06,39.2,6.93
Daokou,31,CN,1570079150,44,35.61,105.12,63.45,13.58
Rio Gallegos,0,AR,1570078877,72,-51.62,-69.22,39.2,11.41
North Bend,90,US,1570079151,93,43.41,-124.22,53.01,6.93
Salalah,40,OM,1570079151,78,17.01,54.1,80.6,3.36
Dikson,100,RU,1570079152,66,73.51,80.55,28.04,26.06
Shudayag,60,RU,1570079153,82,63.53,53.61,41.63,9.48
Isangel,75,VU,1570079066,57,-19.55,169.27,78.8,14.99
Great Falls,1,US,1570079154,74,47.5,-111.29,35.6,5.82
Port Alfred,34,ZA,1570079156,86,-33.59,26.89,64.99,11.99
Genhe,73,CN,1570079156,36,50.78,121.52,41.8,5.37
Kaliganj,3,BD,1570079157,64,23.41,89.13,89.01,2.39
Codrington,0,AU,1570079086,32,-28.95,153.24,82.4,8.05
Along,34,IN,1570079158,94,28.17,94.8,64.1,4.61
Chokurdakh,97,RU,1570079158,89,70.62,147.9,26.41,11.52
Pacific Grove,1,US,1570079158,38,36.62,-121.92,60.8,9.13
Suluq,0,LY,1570079158,48,31.67,20.25,76.03,18.72
Carnarvon,47,ZA,1570078961,16,-30.97,22.13,60.25,9.62
Bridgend,100,GB,1570078900,93,51.51,-3.58,48.99,6.93
Idlib,20,SY,1570079159,69,35.93,36.64,77.0,10.29
Fort Nelson,75,CA,1570079159,76,58.81,-122.69,51.8,2.24
Chernyshevskiy,100,RU,1570078943,96,63.01,112.47,32.78,11.61
Sarakhs,0,TM,1570079160,48,36.54,61.16,62.6,2.55
Vila,0,IT,1570079056,30,45.18,8.4,62.01,16.11
Taitung,20,TW,1570079161,70,22.76,121.15,86.0,9.17
Leningradskiy,100,RU,1570079161,90,69.38,178.42,31.45,9.82
Lagunas,77,PE,1570079162,82,-5.23,-75.68,74.21,2.55
Quatre Cocos,75,MU,1570079162,94,-20.21,57.76,77.0,6.93
Kalanganan,18,PH,1570079162,79,8.08,124.25,84.99,8.01
Syke,40,DE,1570079163,93,52.91,8.82,52.0,5.82
Guabito,77,PA,1570079163,90,9.5,-82.61,68.53,2.71
Luancheng,8,CN,1570079163,42,37.88,114.65,86.0,4.47
Ancud,0,CL,1570079164,100,-41.87,-73.83,33.8,5.82
Clyde River,90,CA,1570078988,98,70.47,-68.59,32.0,8.05
Pinawa,100,CA,1570079001,100,50.15,-95.88,32.0,3.85
Saint-Francois,20,FR,1570079164,100,46.42,3.91,39.2,0.29
Sorland,20,NO,1570079165,69,67.67,12.69,33.8,8.05
Airai,0,TL,1570079166,29,-8.93,125.41,94.36,2.77
Poronaysk,100,RU,1570079166,95,49.22,143.1,39.53,6.82
Dhidhdhoo,0,MV,1570079166,72,6.88,73.1,83.14,7.85
Redmond,75,US,1570079167,54,47.67,-122.12,57.2,2.28
Tupi Paulista,100,BR,1570079167,88,-21.38,-51.58,72.63,4.05
Desbiens,75,CA,1570079168,74,48.42,-71.95,41.0,6.93
Ripky,86,UA,1570079168,74,51.8,31.09,57.22,10.78
Mersin,0,TR,1570079169,88,36.81,34.63,75.2,5.82
Leh,42,IN,1570079169,27,34.16,77.58,38.52,1.01
Gamba,68,CN,1570078965,44,28.28,88.52,45.32,5.86
Cidreira,100,BR,1570079170,93,-30.17,-50.22,63.22,6.78
Yar-Sale,83,RU,1570078877,80,66.83,70.83,44.01,12.97
Kamskiye Polyany,0,RU,1570079171,81,55.43,51.42,51.8,15.66
Izhma,99,RU,1570079171,89,65.01,53.91,34.88,9.64
Port Elizabeth,90,US,1570079171,69,39.31,-74.98,79.0,11.41
Coahuayana,100,MX,1570079172,92,18.62,-100.35,68.78,2.59
Salta,0,AR,1570079122,47,-24.79,-65.41,59.0,3.36
Fayaoue,100,NC,1570079173,73,-20.65,166.53,70.34,21.9
Komsomolskiy,100,RU,1570078940,84,67.55,63.78,40.82,16.46
Coos Bay,90,US,1570079173,93,43.37,-124.22,53.01,6.93
Godo,75,JP,1570079174,65,35.42,136.61,80.6,19.46
Mehamn,97,NO,1570079174,76,71.03,27.85,35.26,13.94
Saskylakh,3,RU,1570079175,79,71.97,114.09,20.7,1.61
Humberto de Campos,3,BR,1570079175,82,-2.6,-43.46,75.87,6.67
Saint-Pierre,0,FR,1570079050,100,48.95,4.24,35.6,3.36
Barinas,61,VE,1570079176,77,8.64,-70.23,72.92,2.51
Mount Isa,0,AU,1570079176,17,-20.73,139.49,93.2,13.87
Cabo San Lucas,20,MX,1570079010,78,22.89,-109.91,80.01,4.7
Ganzhou,0,CN,1570079176,30,25.86,114.93,94.28,5.19
Noumea,90,NC,1570078906,49,-22.28,166.46,73.4,24.16
Portland,75,US,1570079044,75,43.66,-70.25,48.2,6.93
Sitka,73,US,1570078880,92,37.17,-99.65,55.99,20.0
Alyangula,100,AU,1570079178,43,-13.85,136.42,87.8,14.99
Pontianak,75,ID,1570079179,74,-0.02,109.34,84.2,3.36
Atasu,0,KZ,1570079179,21,48.68,71.64,51.44,5.53
Yellowknife,75,CA,1570079180,65,62.45,-114.38,46.4,8.05
Bhuj,16,IN,1570079180,66,23.25,69.67,86.13,12.28
Norman Wells,90,CA,1570079180,100,65.28,-126.83,44.6,3.36
Mandan,90,US,1570079180,96,46.83,-100.89,33.01,4.7
Grand Gaube,75,MU,1570079181,94,-20.01,57.66,77.0,6.93
Karwar,59,IN,1570079181,71,14.8,74.13,84.46,9.57
Veraval,83,FR,1570079181,93,49.65,0.71,39.99,3.36
Hilo,90,US,1570078975,83,19.71,-155.08,77.0,5.82
Pevek,100,RU,1570079182,69,69.7,170.27,28.94,2.64
Erzin,20,TR,1570079182,69,36.95,36.2,77.0,10.29
Castro,0,CL,1570079183,100,-42.48,-73.76,33.8,5.82
Geraldton,75,CA,1570078945,83,49.72,-86.95,32.0,6.93
Yumen,81,CN,1570079184,21,40.29,97.04,62.6,19.75
Huilong,99,CN,1570079184,73,31.15,106.5,76.66,3.04
Clarence Town,0,AU,1570079185,21,-32.59,151.78,84.99,11.41
Manavalakurichi,20,IN,1570079185,74,8.13,77.3,84.2,8.05
Raudeberg,40,NO,1570079185,66,61.99,5.14,48.2,8.05
Longyearbyen,75,NO,1570079182,74,78.22,15.63,35.6,18.34
New Norfolk,0,AU,1570079186,20,-42.78,147.06,84.0,13.87
Athens,20,GR,1570079187,88,37.98,23.73,73.0,6.35
Tuktoyaktuk,90,CA,1570079093,100,69.44,-133.03,35.6,13.87
Qaanaaq,31,GL,1570079181,65,77.48,-69.36,21.94,5.86
Lompoc,1,US,1570079188,62,34.64,-120.46,60.01,12.03
Bose,0,IT,1570079188,62,45.46,8.01,62.01,6.93
Inndyr,20,NO,1570079188,69,67.03,14.03,35.6,12.75
Opunake,100,NZ,1570079189,80,-39.45,173.86,48.0,10.0
Hithadhoo,95,MV,1570079189,79,-0.6,73.08,82.64,16.15
Tuatapere,72,NZ,1570079190,91,-46.13,167.69,48.0,7.0
Cascais,20,PT,1570079126,87,38.7,-9.42,63.0,2.24
Saint George,40,GR,1570079190,93,39.45,22.34,60.8,2.59
Sao Filipe,22,CV,1570079191,84,14.9,-24.5,77.09,11.01
Gimli,100,CA,1570079068,89,50.63,-96.99,41.0,6.76
Barra da Estiva,50,BR,1570079191,95,-13.63,-41.33,60.39,4.23
Coihaique,0,CL,1570078992,74,-45.58,-72.07,33.8,3.36
Lillooet,75,CA,1570079191,38,50.69,-121.94,59.0,3.36
Lake Havasu City,20,US,1570079192,10,34.47,-114.34,77.0,3.36
Adrar,0,DZ,1570079192,13,27.87,-0.29,77.0,11.41
Kargasok,85,RU,1570079193,61,59.06,80.87,48.71,12.77
Victoria,75,BN,1570079193,62,5.28,115.24,87.8,2.24
Galle,100,GN,1570079193,93,10.08,-12.83,69.97,3.74
Vila Velha,0,BR,1570079194,73,-3.71,-38.6,77.0,5.82
Magdagachi,0,RU,1570079194,27,53.45,125.8,44.33,7.72
Voh,78,NC,1570079194,71,-20.95,164.69,70.45,24.25
Faanui,11,PF,1570079195,77,-16.48,-151.75,78.17,15.66
San Antonio,0,CL,1570079195,81,-33.58,-71.61,46.4,5.82
Batetskiy,100,RU,1570079195,91,58.65,30.3,41.81,7.05
Kharan,22,PK,1570079196,25,28.58,65.42,87.52,9.13
Prince Albert,5,CA,1570079196,92,53.2,-105.75,26.6,2.24
Ribeira Grande,100,PT,1570079197,64,38.52,-28.7,69.66,10.8
Fukue,75,JP,1570079198,65,35.03,136.69,80.6,19.46
Katsuura,75,JP,1570079198,83,33.93,134.5,77.0,33.33
Seoul,75,KR,1570078922,57,37.57,126.98,80.6,4.7
Tongliao,81,CN,1570079199,44,43.61,122.27,50.94,21.59
Dingle,58,PH,1570079200,61,11.0,122.67,87.93,4.47
Santa Maria da Boa Vista,46,BR,1570079201,80,-8.8,-39.83,70.78,12.68
Stavern,75,NO,1570079202,86,59.0,10.03,43.0,2.24
Pochutla,99,MX,1570079202,91,15.74,-96.47,73.99,3.89
East London,0,ZA,1570079039,63,-33.02,27.91,62.6,16.11
Severo-Kurilsk,97,RU,1570079204,96,50.68,156.12,47.95,12.82
Ixtapa,75,MX,1570079204,94,20.71,-105.21,78.8,6.89
General Roca,40,AR,1570079205,40,-39.03,-67.58,53.6,6.93
Elban,94,RU,1570079209,51,50.1,136.51,46.28,13.56
Hami,0,CN,1570079210,19,42.84,93.51,64.98,8.08
Ravar,0,IR,1570079211,16,31.27,56.81,75.65,7.02
Tual,11,ID,1570079211,81,-5.67,132.75,80.51,13.18
Zilupe,100,RU,1570079212,97,56.39,28.12,45.54,5.64
Klaksvik,6,FO,1570079213,81,62.23,-6.59,44.6,9.17
Hualmay,43,PE,1570079213,90,-11.1,-77.61,61.45,16.82
Boyolangu,0,ID,1570079213,38,-8.09,111.9,92.03,10.33
Plettenberg Bay,100,ZA,1570079213,86,-34.05,23.37,59.47,6.46
Iqaluit,75,CA,1570079213,90,63.75,-68.52,33.8,8.05
Nevesinje,75,BA,1570079214,100,43.26,18.11,57.2,7.96
Sioux Lookout,90,CA,1570079059,80,50.1,-91.92,39.2,3.36
Peleduy,100,RU,1570079214,95,59.63,112.75,33.1,12.06
Tasiilaq,100,GL,1570079214,65,65.61,-37.64,41.0,35.57
Whitehorse,20,CA,1570079214,69,60.72,-135.06,39.2,4.7
Iquique,90,CL,1570079089,77,-20.22,-70.14,60.8,6.93
Bambous Virieux,75,MU,1570079215,94,-20.34,57.76,77.0,6.93
Brae,37,GB,1570079215,75,60.4,-1.35,46.4,10.29
Aykhal,90,RU,1570079216,92,65.95,111.51,26.6,6.71
Zwedru,99,LR,1570079216,99,6.07,-8.13,69.75,1.63
Uzunovo,0,BG,1570079216,93,41.84,25.1,53.6,2.71
Havre-Saint-Pierre,75,CA,1570079025,69,50.23,-63.6,35.6,8.05
Fjerritslev,100,DK,1570079217,87,57.08,9.27,46.99,9.15
Gat,93,SN,1570079218,88,14.69,-16.54,77.0,6.93
Sestri Levante,0,IT,1570079218,25,44.27,9.41,66.2,19.46
Port Macquarie,7,AU,1570079219,31,-31.43,152.91,78.8,10.29
Mariel,40,CU,1570079219,100,22.99,-82.75,75.2,4.7
Saint-Philippe,1,CA,1570079220,86,45.36,-73.48,44.01,3.36
Lagoa,0,PT,1570079221,77,37.14,-8.45,60.01,5.82
Karratha,0,AU,1570079221,13,-20.74,116.85,102.04,16.15
Hashtrud,0,IR,1570079222,36,37.48,47.05,65.25,3.49
Muisne,100,EC,1570079222,83,0.61,-80.02,74.81,12.01
Jackson,1,US,1570079084,88,32.3,-90.18,80.6,2.95
Troitskoye,0,RU,1570079223,31,52.98,84.68,51.77,4.59
Westport,90,US,1570078937,87,41.14,-73.36,64.99,17.22
Fallon,90,US,1570079224,100,46.84,-105.12,37.0,3.36
Vestmannaeyjar,100,IS,1570079224,85,63.44,-20.27,46.87,51.29
Merauke,2,ID,1570079225,81,-8.49,140.4,78.89,26.78
Tura,100,RU,1570078957,92,64.27,100.22,37.26,6.22
Manglisi,0,GE,1570079156,72,41.7,44.38,60.8,3.36
Sambava,80,MG,1570079226,70,-14.27,50.17,78.53,5.97
Viseu,0,PT,1570078971,100,40.66,-7.91,57.0,1.12
Ughelli,100,NG,1570079227,94,5.49,6.0,73.75,2.35
Dwarka,40,IN,1570079227,66,28.58,77.04,86.0,4.7
Flinders,0,AU,1570079228,28,-34.58,150.85,86.0,10.29
Galveston,1,US,1570079229,100,40.58,-86.19,73.0,4.7
Vostok,100,RU,1570079229,96,46.45,135.83,55.39,4.54
Paamiut,97,GL,1570079229,50,61.99,-49.67,48.85,19.08
Souillac,40,FR,1570079230,87,45.6,-0.6,51.8,4.7
Guerrero Negro,0,MX,1570079184,78,27.97,-114.04,66.74,11.3
Saldanha,95,PT,1570079230,69,41.42,-6.55,52.97,1.95
Yulara,14,AU,1570079006,6,-25.24,130.99,100.4,6.93
Oktyabrskoye,0,RU,1570079231,54,56.73,85.44,52.0,11.18
Kavieng,40,PG,1570079232,67,-2.57,150.8,83.74,0.43
Aklavik,90,CA,1570078977,93,68.22,-135.01,39.2,9.17
Batagay-Alyta,100,RU,1570079233,76,67.8,130.41,13.18,4.74
Maumere,0,ID,1570079233,60,-8.63,122.22,81.54,6.76
Nikolskoye,90,RU,1570079234,86,59.7,30.79,41.0,11.18
Sinnamary,86,GF,1570079234,80,5.38,-52.96,81.47,17.76
Ponta do Sol,0,BR,1570079234,59,-20.63,-46.0,65.75,5.93
Yudong,3,CN,1570079047,57,32.02,121.36,88.0,4.16
Poletayevo,20,RU,1570079235,60,55.04,61.11,55.0,15.66
Viedma,0,AR,1570079235,68,-40.81,-62.99,38.65,9.24
Nelson Bay,0,AU,1570079235,21,-32.72,152.14,84.2,11.41
Bathsheba,20,BB,1570079235,78,13.22,-59.52,82.4,13.87
Narsaq,100,GL,1570079236,32,60.91,-46.05,51.8,24.16
Maniitsoq,61,GL,1570079234,53,65.42,-52.9,42.68,11.23
Rocha,45,UY,1570079059,92,-34.48,-54.34,47.54,7.9
Sao Miguel do Araguaia,6,BR,1570079236,78,-13.28,-50.16,71.3,4.29
Auki,29,NG,1570078962,90,12.18,6.51,72.11,7.81
Ankpa,65,NG,1570079236,98,7.37,7.63,70.4,6.06
Tanout,50,NE,1570079237,23,14.97,8.88,88.27,1.1
Talnakh,40,RU,1570078977,86,69.49,88.39,37.4,17.9
Kamoke,40,PK,1570079237,62,31.97,74.22,84.2,6.93
Abu Samrah,0,SY,1570079238,60,35.3,37.18,73.57,11.68
Sindou,100,BF,1570079238,95,10.66,-5.16,72.18,3.0
Zhigansk,11,RU,1570079238,53,66.77,123.37,29.45,4.61
Aleksandrov Gay,0,RU,1570079239,68,50.14,48.57,61.31,6.29
Luderitz,0,NA,1570079239,88,-26.65,15.16,55.39,22.44
Mulege,100,MX,1570079239,70,26.88,-111.98,79.49,4.12
Fereydun Kenar,0,IR,1570079239,88,36.69,52.52,66.2,2.24
Petropavlovsk-Kamchatskiy,75,RU,1570079240,82,53.05,158.65,55.4,4.47
Muroto,75,JP,1570079240,83,33.37,134.14,80.6,19.46
Yerkoy,1,TR,1570079240,23,39.64,34.47,71.75,2.73
Springdale,1,US,1570079240,73,36.19,-94.13,75.0,10.29
Peniche,20,PT,1570079241,87,39.36,-9.38,59.0,2.24
Sistranda,75,NO,1570079241,93,63.73,8.83,42.01,8.05
Shenjiamen,0,CN,1570079242,79,29.96,122.3,78.05,9.51
Tucupita,63,VE,1570079242,95,9.06,-62.05,74.23,2.66
Nurota,7,UZ,1570079242,30,40.56,65.69,59.0,2.24
Esfarayen,20,IR,1570079228,47,37.08,57.51,59.0,2.24
Sola,82,TZ,1570079243,54,-3.17,33.8,75.01,9.31
Daura,25,NG,1570079243,71,13.04,8.32,77.35,12.75
Goderich,100,CA,1570079244,84,43.74,-81.71,53.01,15.01
Lerwick,37,GB,1570079244,87,60.15,-1.15,46.4,6.93
Ilulissat,22,GL,1570079245,33,69.22,-51.1,46.4,27.51
Lavrentiya,42,RU,1570079245,79,65.58,-170.99,30.29,8.46
Seguin,1,US,1570079246,78,29.57,-97.96,81.0,8.05
Berezovyy,82,RU,1570079246,50,51.67,135.7,40.61,4.14
Kambove,0,CD,1570079246,65,-10.88,26.6,68.08,11.23
Pandan,100,PH,1570079246,74,11.72,122.09,82.94,7.9
Weligama,1,LK,1570079250,78,5.97,80.42,81.5,12.59
Pisco,40,PE,1570079253,82,-13.71,-76.2,63.0,3.36
Bjornevatn,75,NO,1570079253,80,69.67,29.98,33.8,19.46
Cody,1,US,1570079165,55,44.53,-109.06,39.0,13.87
Mwene-Ditu,34,CD,1570079255,68,-7.01,23.45,74.68,2.28
Colinas,24,BR,1570079255,84,-6.03,-44.25,71.14,4.03
Tabou,12,CI,1570079256,97,4.42,-7.36,73.04,2.35
Upernavik,86,GL,1570079256,70,72.79,-56.15,37.35,11.77
Tanda,0,IN,1570079257,48,31.67,75.63,86.51,4.0
Hadgaon,20,IN,1570079258,74,19.5,77.66,84.2,4.7
Flagstaff,1,US,1570079168,45,35.2,-111.65,60.8,6.93
Sarankhola,8,BD,1570079259,68,22.31,89.79,88.4,4.03
Teknaf,0,BD,1570079259,78,20.86,92.31,83.11,15.14
Ulladulla,0,AU,1570079260,28,-35.36,150.48,86.0,10.29
Julfa,0,AZ,1570079260,42,38.95,45.63,64.4,4.7
Kirakira,55,SB,1570079260,79,-10.46,161.92,79.45,6.35
Thanh Hoa,40,VN,1570079260,66,10.21,106.33,89.6,3.36
Denham Springs,1,US,1570079261,83,30.49,-90.96,78.8,3.36
Vieux-Habitants,0,GP,1570079261,88,16.06,-61.77,75.2,2.24
Lalibela,22,ET,1570079261,58,12.04,39.05,66.08,1.21
Bogorodskoye,78,RU,1570079262,60,52.37,140.44,38.54,8.68
Telimele,99,GN,1570079264,97,10.9,-13.03,70.56,0.58
Thinadhoo,66,MV,1570079046,77,0.53,72.93,83.48,15.12
Big Spring,1,US,1570079045,53,32.25,-101.48,77.0,6.93
Avesta,55,SE,1570079266,91,60.15,16.18,39.2,8.05
Laguna,90,BZ,1570079266,94,16.17,-88.94,75.2,2.46
Shwebo,86,MM,1570079267,76,22.57,95.7,84.87,7.47
Pyapon,47,MM,1570079268,62,16.29,95.68,88.2,4.43
Tiksi,100,RU,1570079268,87,71.64,128.87,24.14,27.31
Adamas,40,GR,1570079270,100,36.73,24.43,71.6,11.41
Kot Samaba,14,PK,1570079270,31,28.55,70.47,97.7,10.49
Watsa,73,CD,1570079271,90,3.04,29.53,71.1,2.39
Jiuquan,84,CN,1570078979,17,39.73,98.49,57.47,6.62
Juneau,20,US,1570079273,100,58.3,-134.42,46.99,3.36
Thompson,5,CA,1570079273,79,55.74,-97.86,26.6,4.23
Buala,51,SB,1570079274,79,-8.15,159.59,81.56,12.28
Los Llanos de Aridane,33,ES,1570079274,88,28.66,-17.92,82.0,12.75
Pangnirtung,1,CA,1570079275,67,66.15,-65.72,23.44,3.53
Teya,75,MX,1570079279,88,21.05,-89.07,80.01,3.36
Gardenstown,75,GB,1570079280,93,57.67,-2.34,45.0,8.05
Lapusnicel,49,RO,1570079281,89,44.98,22.23,60.01,3.42
Khandbari,94,NP,1570079281,90,27.38,87.21,59.62,4.09
Yerofey Pavlovich,9,RU,1570079282,41,53.97,121.97,41.18,4.94
Maple Creek,0,CA,1570079226,90,49.91,-109.46,33.95,8.81
Menongue,59,AO,1570079283,26,-14.66,17.68,67.23,4.47
Santa Cruz,0,BR,1570079283,87,-6.22,-36.02,65.27,7.02
Alofi,36,NU,1570079283,74,-19.06,-169.92,80.6,5.82
Esperance,83,AU,1570079284,49,-33.86,121.89,68.0,17.22
Lazaro Cardenas,20,MX,1570079285,83,28.39,-105.62,69.8,4.7
Ibia,100,NG,1570079286,94,5.18,6.32,73.69,2.53
Tan An,75,VN,1570079291,63,10.54,106.4,91.4,5.82
Tautira,20,PF,1570079291,69,-17.73,-149.15,78.8,2.24
Eagle Pass,1,MX,1570079216,61,28.71,-100.5,82.4,8.05
Kaduqli,100,SD,1570079292,69,11.01,29.72,79.96,0.56
Belmonte,36,PT,1570079294,95,40.36,-7.35,54.0,1.01
Makakilo City,90,US,1570079295,83,21.35,-158.09,82.4,8.05
Farafangana,66,MG,1570079295,82,-22.82,47.83,76.37,5.1
Revda,100,RU,1570079296,85,67.94,34.55,31.18,10.6
Ankang,97,CN,1570079296,82,32.73,108.99,67.59,3.53
Kahului,40,US,1570079297,65,20.89,-156.47,82.4,16.11
Suzun,5,RU,1570079298,50,53.78,82.32,50.04,4.83
Cienfuegos,100,CU,1570079298,100,22.15,-80.44,75.2,3.36
Nkhotakota,85,MW,1570079298,82,-12.93,34.3,68.13,10.07
Jaguariaiva,100,BR,1570079298,83,-24.25,-49.71,73.99,5.01
Sur,0,OM,1570079006,35,22.57,59.53,96.41,11.65
Turukhansk,99,RU,1570079299,97,65.8,87.96,42.08,12.62
Peyima,100,SL,1570079299,99,8.69,-11.04,70.45,2.46
Garowe,33,SO,1570079126,54,8.41,48.48,80.3,7.74
Naze,97,NG,1570079299,94,5.43,7.07,73.58,3.0
Yaan,84,NG,1570079173,95,7.38,8.57,72.38,2.24
Fairbanks,90,US,1570079300,93,64.84,-147.72,37.4,3.36
Saint-Louis,66,SN,1570079300,87,16.03,-16.5,79.87,8.37
Zaragoza,75,SV,1570079300,94,13.59,-89.29,77.0,3.36
Smithers,90,CA,1570079301,93,54.78,-127.17,44.6,2.24
Paramonga,91,PE,1570079301,93,-10.68,-77.82,59.9,12.28
Port Keats,0,AU,1570079228,58,-14.25,129.55,86.72,14.92
Ipixuna,0,BR,1570079301,83,-1.76,-48.8,77.0,8.05
Grindavik,90,IS,1570079301,81,63.84,-22.43,46.4,41.38
Jieshi,0,CN,1570079302,54,22.82,115.83,90.0,3.0
Usinsk,97,RU,1570079302,91,66.0,57.56,35.48,16.06
Micheweni,95,TZ,1570079302,82,-4.97,39.83,79.58,14.81
Mayo,20,CA,1570079303,93,63.59,-135.9,37.4,2.24
Bafata,100,GW,1570079303,97,12.17,-14.67,74.12,4.94
Kutum,62,SD,1570079303,53,14.2,24.66,76.18,8.5
Amga,100,RU,1570079303,53,60.89,131.98,31.63,8.08
Ahipara,100,NZ,1570079304,81,-35.17,173.16,57.99,16.91
Kautokeino,50,NO,1570079304,72,69.01,23.04,29.57,3.4
Tessalit,33,ML,1570079304,13,20.2,1.01,82.75,6.15
Birjand,0,IR,1570079305,23,32.86,59.22,62.6,4.7
Kodinsk,100,RU,1570079307,93,58.6,99.18,40.28,9.73
Penzance,75,GB,1570079307,81,50.12,-5.53,55.99,9.17
Nome,1,US,1570079062,88,30.04,-94.42,79.0,1.95
Maldonado,0,UY,1570079127,71,-34.91,-54.96,51.8,14.99
Talcahuano,40,CL,1570079308,87,-36.72,-73.12,46.4,8.05
Meadow Lake,0,CA,1570079308,96,54.13,-108.44,30.94,3.44
Luganville,75,VU,1570079308,78,-15.51,167.18,78.8,12.75
Sozimskiy,67,RU,1570079309,79,59.74,52.25,46.64,10.38
Hovd,75,NO,1570079309,93,63.83,10.7,42.01,8.05
Salaya,0,IN,1570079309,74,22.31,69.6,82.46,10.25
Xicotencatl,100,MX,1570079309,88,23.02,-98.88,79.0,1.99
Lodwar,78,KE,1570079309,43,3.12,35.6,86.06,14.58
Sabang,100,PH,1570079104,76,13.8,121.11,84.99,3.0
Jumla,31,NP,1570079310,56,29.28,82.18,63.77,4.63
Dinar,20,TR,1570079310,100,38.07,30.16,53.6,4.7
Afrikanda,11,RU,1570079311,84,67.44,32.78,32.02,9.35
College,90,US,1570079311,93,64.86,-147.8,37.4,3.36
Constitucion,100,MX,1570079312,71,23.99,-104.67,64.0,1.01
Kaiyuan,0,CN,1570079312,57,42.54,124.04,68.08,15.35
Catuday,92,PH,1570079014,71,16.29,119.81,83.29,5.39
Hambantota,40,LK,1570079313,83,6.12,81.12,84.2,6.93
Zaozerne,100,UA,1570079313,90,51.37,23.94,47.68,9.84
Ketchikan,90,US,1570079120,93,55.34,-131.65,51.8,4.7
Ostrovnoy,96,RU,1570079314,79,68.05,39.51,34.58,19.84
Qasigiannguit,19,GL,1570079314,33,68.82,-51.19,46.4,27.51
Carutapera,0,BR,1570079314,77,-1.2,-46.02,78.16,6.78
Bowen,75,AU,1570079315,61,-20.01,148.25,77.0,24.16
Carballo,0,ES,1570079315,100,43.21,-8.69,57.99,8.05
Cabedelo,20,BR,1570079315,94,-6.97,-34.84,71.6,3.36
San Quintin,28,PH,1570079316,74,17.54,120.52,83.92,7.07
Rawson,0,AR,1570079316,43,-43.3,-65.11,44.46,10.0
Petrovac,20,RS,1570079316,82,43.03,21.82,59.0,5.82
Vanimo,22,PG,1570079317,69,-2.67,141.3,83.7,7.11
Hauterive,1,CA,1570079317,74,49.18,-68.27,37.4,6.93
Lasa,40,CY,1570079317,77,34.92,32.53,68.0,6.93
Waldshut-Tiengen,40,DE,1570079037,93,47.62,8.22,45.0,2.24
Kaitangata,75,NZ,1570079318,62,-46.28,169.85,50.0,5.01
Kapit,33,MY,1570079318,48,2.02,112.94,92.03,3.04
Lisakovsk,72,KZ,1570079318,43,52.55,62.49,52.83,12.12
Keti Bandar,65,PK,1570079319,77,24.14,67.45,82.84,16.75
Nanding,76,CN,1570079319,67,24.87,105.42,77.53,7.2
Walvis Bay,90,NA,1570079319,87,-22.95,14.51,57.2,8.05
Tankhoy,0,RU,1570079320,47,51.55,105.12,45.29,6.13
Beloha,95,MG,1570079073,73,-25.17,45.06,74.32,13.6
Caohai,95,CN,1570079320,70,26.87,104.28,67.09,8.41
Gao,69,ML,1570079321,41,16.28,-0.04,85.63,7.67
Chama,42,ZM,1570079321,54,-11.22,33.16,79.25,0.36
San Luis,23,AR,1570079265,25,-33.3,-66.34,54.23,20.47
Igrim,100,RU,1570079322,80,63.19,64.42,47.32,10.92
Dalnerechensk,100,RU,1570079322,83,45.93,133.72,57.64,10.76
Imeni Poliny Osipenko,65,RU,1570079323,43,52.42,136.49,44.59,4.16
Thunder Bay,90,CA,1570079324,75,48.41,-89.26,43.0,10.29
Areosa,0,PT,1570079324,100,41.72,-8.86,59.0,5.82
Ipira,100,BR,1570079324,98,-27.41,-51.77,65.2,1.61
San Patricio,100,PY,1570079325,95,-26.98,-56.83,66.69,5.97
Galesong,20,ID,1570079328,43,-5.32,119.37,91.4,12.75
Coquimbo,0,CL,1570079329,76,-29.95,-71.34,51.8,9.17
Aracati,0,BR,1570079329,84,-4.56,-37.77,69.01,4.16
Megion,0,RU,1570079330,70,61.04,76.11,48.2,11.18
Peterhead,20,AU,1570079197,72,-34.83,138.5,73.99,18.34
Tromso,75,NO,1570079194,80,69.65,18.96,35.6,5.82
Vilyuysk,1,RU,1570079331,53,63.75,121.63,34.16,4.5
Luau,25,CD,1570079332,66,-10.7,22.23,73.49,2.86
Espanola,91,CA,1570079332,81,46.27,-81.77,46.0,7.0
Dawei,55,MM,1570079333,76,14.07,98.19,82.89,7.61
Bidor,75,MY,1570079333,62,4.11,101.29,87.8,6.93
Cedar City,1,US,1570079231,26,37.68,-113.06,46.4,3.36
Tsiroanomandidy,64,MG,1570079335,33,-18.77,46.05,81.45,5.23
Labuhan,16,ID,1570079335,45,-2.54,115.51,91.44,4.54
Lata,42,IN,1570079336,66,30.78,78.62,44.39,9.28
Oskemen,0,KZ,1570079340,60,49.96,82.61,42.8,2.24
Vila Franca do Campo,40,PT,1570079340,77,37.72,-25.43,71.01,8.05
Cururupu,6,BR,1570079341,95,-1.82,-44.87,72.0,2.51
Hatta,0,IN,1570079342,64,24.13,79.6,83.43,6.22
Derzhavinsk,86,KZ,1570079343,29,51.1,66.31,52.49,6.33
Chuzhou,0,CN,1570079344,35,32.25,118.33,89.42,2.37
Moron,100,HT,1570079344,77,18.56,-74.26,79.49,3.38
Mount Gambier,90,AU,1570079301,82,-37.83,140.78,57.2,14.99
Hofn,100,IS,1570079345,99,64.25,-15.21,31.64,14.32
Bouza,45,NE,1570079345,57,14.42,6.04,79.7,9.33
Sobolevo,98,RU,1570079346,83,54.43,31.9,53.26,10.18
Borogontsy,100,RU,1570079346,53,62.67,131.17,29.7,8.14
Roald,75,NO,1570079346,93,62.58,6.12,43.0,4.7
Varhaug,0,NO,1570079085,93,58.61,5.65,51.01,6.93
Dauphin,90,CA,1570079347,93,51.15,-100.04,37.4,3.36
Buraydah,0,SA,1570079347,41,26.33,43.97,78.8,4.7
Port Hardy,90,CA,1570079347,100,50.7,-127.42,48.2,12.75
La Romana,40,DO,1570079350,88,18.43,-68.97,80.6,4.7
Valer,97,ES,1570079351,75,41.76,-6.18,46.73,1.59
Puerto Cabezas,100,NI,1570079351,96,14.04,-83.39,74.2,2.17
Bandarbeyla,96,SO,1570079353,62,9.49,50.81,81.92,4.85
Maloarkhangelsk,85,RU,1570079354,70,52.4,36.5,54.4,12.41
Kenai,1,US,1570079304,75,60.55,-151.26,44.6,2.24
Charters Towers,100,AU,1570079356,36,-20.07,146.27,81.0,15.95
Kitakata,100,JP,1570079357,67,37.67,139.86,75.99,1.01
Nanortalik,100,GL,1570079357,68,60.14,-45.24,42.21,5.99
Taoudenni,0,ML,1570079099,11,22.68,-3.98,86.54,5.35
Dobrinka,85,RU,1570079358,64,52.17,40.48,55.53,11.03
Chimbote,44,PE,1570079358,92,-9.08,-78.59,60.44,15.46
Torbay,90,CA,1570079104,100,47.66,-52.73,41.0,12.75
Luanda,75,AO,1570079212,94,-8.83,13.24,73.4,5.82
Sechura,80,PE,1570079062,89,-5.56,-80.82,63.11,9.64
Vao,68,EE,1570079359,85,59.1,26.19,43.27,9.04
Bendigo,17,AU,1570079072,23,-36.76,144.28,79.0,3.0
Kununurra,0,AU,1570079360,5,-15.77,128.74,104.0,17.22
Soissons,0,FR,1570079361,92,49.38,3.32,39.2,3.36
Vestmanna,0,FO,1570079363,81,62.16,-7.17,44.6,9.17
Carmen,20,PH,1570079075,59,7.36,125.71,93.99,6.93
Tocopilla,96,CL,1570079364,83,-22.09,-70.2,57.83,5.17
Concepcion,100,CO,1570079365,96,9.56,-73.66,73.84,2.51
Suntar,100,RU,1570079365,92,62.16,117.65,33.97,8.72
Accra,0,GH,1570079223,94,5.56,-0.21,75.2,8.05
Ukiah,1,US,1570079091,67,39.15,-123.21,57.99,2.37
Lubao,3,CD,1570079369,75,-5.39,25.75,76.0,4.65
Sri Aman,75,MY,1570079369,83,1.24,111.46,82.4,3.36
Saint Anthony,1,US,1570079190,64,43.97,-111.68,39.2,3.36
Jucurutu,0,BR,1570079370,75,-6.03,-37.02,69.53,13.0
Morden,90,CA,1570079257,100,49.19,-98.1,39.99,11.41
Bethal,0,ZA,1570079372,85,-26.46,29.47,48.0,5.01
Manta,58,RO,1570079372,65,45.1,24.1,62.77,5.59
Kalabagh,99,PK,1570079373,62,34.07,73.37,78.01,3.0
Ulaanbaatar,75,MN,1570079374,55,47.92,106.92,37.4,4.47
Miraflores,40,PE,1570079374,76,-16.39,-71.52,51.8,5.82
Zharkent,0,KZ,1570079375,58,44.17,80.0,44.75,5.64
Bombo,75,UG,1570079375,93,0.58,32.54,66.2,2.24
Locri,75,IT,1570079377,93,38.24,16.26,68.0,12.75
Greenville,1,US,1570079101,100,34.85,-82.4,79.0,3.42
Moose Factory,1,CA,1570079378,92,51.26,-80.61,28.4,4.7
Panjab,0,AF,1570079378,25,34.38,67.02,50.76,5.77
Vari,20,GR,1570079379,77,37.83,23.8,73.0,6.35
San Policarpo,88,PH,1570079379,72,12.18,125.51,83.79,12.21
Chicama,75,PE,1570079380,88,-7.84,-79.15,62.6,9.17
Alice Springs,0,AU,1570079380,8,-23.7,133.88,95.0,17.22
Canoinhas,100,BR,1570079382,99,-26.18,-50.4,63.14,2.15
Rio Grande,95,BR,1570079383,88,-32.03,-52.1,57.13,13.27
Champerico,75,MX,1570079383,94,16.38,-93.6,71.6,4.81
Padang,70,ID,1570079384,84,-0.92,100.36,78.37,12.62
Ucluelet,100,CA,1570079385,89,48.94,-125.55,50.0,23.47
Altay,0,CN,1570079386,23,47.83,88.13,44.6,5.57
Nueva Loja,100,EC,1570079386,96,0.08,-76.88,70.22,1.97
Kavaratti,20,IN,1570079274,74,10.57,72.64,86.0,2.15
Pathalgaon,86,IN,1570079387,61,22.56,83.46,83.9,4.03
Mossendjo,84,CG,1570079387,92,-2.95,12.72,71.59,1.95
Waipawa,100,NZ,1570079387,65,-39.94,176.59,51.01,3.0
Kondinskoye,100,RU,1570079387,87,59.65,67.41,49.73,17.2
Acapulco,75,MX,1570079388,83,16.86,-99.88,80.6,4.38
Araouane,61,ML,1570079388,20,18.9,-3.53,90.77,6.87
Muros,40,ES,1570079294,100,42.77,-9.06,59.0,4.7
Hoquiam,90,US,1570079378,93,46.98,-123.89,53.01,6.98
Naica,10,MX,1570079390,83,27.86,-105.49,68.9,2.42
Talaya,0,RU,1570079391,55,55.79,84.89,52.0,11.18
Port Hedland,0,AU,1570079361,9,-20.31,118.58,105.8,8.05
Morro Bay,1,US,1570079392,44,35.37,-120.85,59.0,3.36
Staryy Nadym,40,RU,1570079377,82,65.61,72.68,45.94,11.56
Malinovskiy,94,RU,1570079392,71,54.15,34.53,53.5,11.32
Ekhabi,98,RU,1570079393,58,53.51,142.97,41.45,19.89
Ajaccio,0,FR,1570079393,82,41.93,8.74,64.4,8.05
Havoysund,75,NO,1570079394,69,71.0,24.66,37.4,19.46
Bonthe,100,SL,1570079394,92,7.53,-12.5,74.72,3.94
Tutoia,0,BR,1570079394,88,-2.76,-42.27,70.99,4.85
Matara,54,BI,1570079395,97,-3.48,29.48,53.17,4.05
Mudanjiang,100,CN,1570079399,61,44.58,129.6,63.25,17.2
Anshun,96,CN,1570079400,84,26.25,105.93,67.82,7.27
Antofagasta,90,CL,1570079401,76,-23.65,-70.4,57.2,3.36
Las Vegas,75,US,1570079352,18,36.17,-115.15,66.2,5.82
Margate,0,AU,1570079252,20,-43.03,147.26,84.0,13.87
Joacaba,100,BR,1570079403,98,-27.18,-51.5,65.2,1.61
Sassandra,54,CI,1570079403,98,4.95,-6.09,71.53,0.76
Palu,32,ID,1570079404,83,-0.9,119.87,80.78,3.22
Te Anau,20,NZ,1570079404,85,-45.41,167.72,43.04,10.04
Lujiang,40,CN,1570079404,48,31.26,117.28,86.0,4.47
Umm Lajj,0,SA,1570079404,77,25.02,37.27,83.39,11.63
Ayan,20,IR,1570079405,36,38.23,44.7,64.4,4.34
